request_id,request_date,barangay_name,service_category,channel,priority,status,resolution_hours_synth,citizen_satisfaction_1_5_synth,repeat_request_synth,remarks_synth
SR-0001,2026-09-01,Anilao-Labac,Peace and Order,Mobile App,Normal,Closed,25.1,4,No,Citizen follow-up received
SR-0002,2026-04-14,San Sebastian,Peace and Order,Mobile App,Normal,Closed,11.4,4,No,Forwarded to concerned office
SR-0003,2026-04-22,San Jose,Disaster Concern,Hotline,Normal,Closed,65.9,3,No,
SR-0004,2026-09-16,Duhatan,Health,Web Form,Normal,Closed,22.4,4,No,Citizen follow-up received
SR-0005,2026-07-31,Plaridel,Road/Drainage,Web Form,Normal,In Progress,31.8,,No,Forwarded to concerned office
SR-0006,2026-02-13,Balintawak,Water,Web Form,Normal,Closed,16.5,4,No,Citizen follow-up received
SR-0007,2026-03-01,San Jose,Streetlight,Web Form,Normal,Closed,21.7,3,Yes,Citizen follow-up received
SR-0008,2026-02-12,Pangao,Disaster Concern,Walk-in,Normal,Pending Validation,28.7,,No,
SR-0009,2026-04-08,San Sebastian,Disaster Concern,Web Form,Normal,Closed,31.4,4,No,Citizen follow-up received
SR-0010,2026-07-14,Tangob,Peace and Order,Web Form,High,Closed,17.3,5,Yes,Forwarded to concerned office
SR-0011,2026-09-18,Balintawak,Peace and Order,Walk-in,High,Closed,4.4,4,No,Citizen follow-up received
SR-0012,2026-02-11,Tibig,Road/Drainage,Web Form,Normal,Closed,51.1,5,Yes,Citizen follow-up received
SR-0013,2026-07-26,San Sebastian,Streetlight,Web Form,Normal,Closed,22.9,3,No,Requires site validation
SR-0014,2026-03-14,Inosloban,Road/Drainage,Walk-in,High,Closed,12.0,4,No,Requires site validation
SR-0015,2026-06-01,Pinagkawitan,Disaster Concern,Barangay Referral,High,Pending Validation,8.8,,No,Forwarded to concerned office
SR-0016,2026-08-22,San Carlos,Disaster Concern,Hotline,Low,Closed,11.4,5,No,
SR-0017,2026-06-10,San Sebastian,Road/Drainage,Walk-in,Urgent,In Progress,4.2,,No,Citizen follow-up received
SR-0018,2026-08-07,Sabang,Disaster Concern,Walk-in,Normal,Closed,7.2,3,No,
SR-0019,2026-02-12,Balintawak,Road/Drainage,Hotline,Urgent,Closed,16.2,4,No,Requires site validation
SR-0020,2026-03-08,Pagolingin West,Permits/Inquiry,Barangay Referral,High,Closed,6.1,3,Yes,
SR-0021,2026-02-10,Sapac,Disaster Concern,Mobile App,High,Closed,9.1,4,Yes,Citizen follow-up received
SR-0022,2026-06-21,Banaybanay,Solid Waste,Hotline,High,Closed,17.3,4,No,
SR-0023,2026-08-06,Bagong Pook,Peace and Order,Hotline,Low,Closed,40.4,5,Yes,
SR-0024,2026-04-07,Lumbang,Streetlight,Barangay Referral,Low,Closed,12.5,3,No,Citizen follow-up received
SR-0025,2026-03-27,Sabang,Streetlight,Walk-in,Normal,Closed,5.1,5,Yes,
SR-0026,2026-02-10,Inosloban,Permits/Inquiry,Barangay Referral,Normal,Pending Validation,55.8,,No,
SR-0027,2026-06-02,Adya,Water,Mobile App,High,Closed,5.3,4,Yes,Forwarded to concerned office
SR-0028,2026-04-30,Banaybanay,Streetlight,Hotline,High,Closed,7.6,3,No,Forwarded to concerned office
SR-0029,2026-09-08,Mataas Na Lupa,Streetlight,Web Form,Urgent,In Progress,9.1,,No,Requires site validation
SR-0030,2026-07-01,Tambo,Water,Hotline,Low,Closed,26.2,4,Yes,Citizen follow-up received
SR-0031,2026-07-11,San Jose,Streetlight,Barangay Referral,Normal,Closed,34.2,4,No,Forwarded to concerned office
SR-0032,2026-04-21,Sampaguita,Streetlight,Hotline,High,Closed,12.3,4,Yes,Citizen follow-up received
SR-0033,2026-07-08,Balintawak,Streetlight,Mobile App,Urgent,Closed,7.3,5,No,
SR-0034,2026-06-10,San Carlos,Peace and Order,Mobile App,High,Closed,16.1,4,Yes,Requires site validation
SR-0035,2026-01-02,Bulaklakan,Solid Waste,Walk-in,Normal,Closed,30.0,4,No,Citizen follow-up received
SR-0036,2026-09-18,Tambo,Water,Walk-in,Normal,Closed,7.3,4,Yes,Citizen follow-up received
SR-0037,2026-03-04,Quezon,Water,Web Form,High,Closed,5.9,4,No,Requires site validation
SR-0038,2026-02-12,Lodlod,Peace and Order,Barangay Referral,High,Closed,14.8,5,No,Requires site validation
SR-0039,2026-06-02,Marauoy,Disaster Concern,Walk-in,High,Closed,16.1,4,No,Forwarded to concerned office
SR-0040,2026-02-11,Latag,Streetlight,Web Form,High,Closed,4.1,5,No,Requires site validation
SR-0041,2026-05-30,Banaybanay,Solid Waste,Hotline,Normal,Closed,52.3,4,No,Requires site validation
SR-0042,2026-02-09,Pinagkawitan,Peace and Order,Web Form,High,Closed,3.3,4,No,Citizen follow-up received
SR-0043,2026-05-13,Banaybanay,Health,Web Form,Normal,Closed,44.8,5,No,Requires site validation
SR-0044,2026-05-24,Sico,Solid Waste,Web Form,Normal,In Progress,39.8,,No,Requires site validation
SR-0045,2026-09-09,Talisay,Health,Mobile App,Normal,Closed,46.6,5,No,Requires site validation
SR-0046,2026-08-30,Tibig,Water,Mobile App,Normal,Closed,32.3,4,No,Forwarded to concerned office
SR-0047,2026-01-04,Sapac,Health,Hotline,Low,Closed,7.8,4,No,Forwarded to concerned office
SR-0048,2026-05-23,Tibig,Solid Waste,Mobile App,Normal,Closed,48.5,4,No,Forwarded to concerned office
SR-0049,2026-09-20,Duhatan,Streetlight,Web Form,High,Closed,6.2,4,Yes,Requires site validation
SR-0050,2026-08-29,Sabang,Peace and Order,Web Form,Low,Closed,9.3,5,No,Citizen follow-up received
SR-0051,2026-07-16,Marauoy,Water,Barangay Referral,High,Closed,3.8,4,No,Forwarded to concerned office
SR-0052,2026-07-18,Tibig,Streetlight,Mobile App,High,Closed,11.9,3,Yes,Requires site validation
SR-0053,2026-02-17,Duhatan,Disaster Concern,Walk-in,Normal,Closed,10.1,3,No,
SR-0054,2026-03-15,Bulacnin,Solid Waste,Web Form,Normal,Closed,17.8,4,No,Citizen follow-up received
SR-0055,2026-04-04,Marauoy,Solid Waste,Barangay Referral,High,Closed,16.6,5,No,Citizen follow-up received
SR-0056,2026-04-13,Munting Pulo,Disaster Concern,Barangay Referral,Urgent,Closed,12.1,4,No,Forwarded to concerned office
SR-0057,2026-08-14,Tangob,Water,Mobile App,Normal,Closed,41.7,4,No,Citizen follow-up received
SR-0058,2026-03-19,Talisay,Disaster Concern,Mobile App,Normal,Closed,8.4,5,No,Citizen follow-up received
SR-0059,2026-06-12,Tibig,Water,Hotline,Low,Closed,46.1,3,No,Citizen follow-up received
SR-0060,2026-05-28,Inosloban,Disaster Concern,Barangay Referral,Normal,In Progress,42.4,,No,Requires site validation
SR-0061,2026-05-15,Bulaklakan,Road/Drainage,Walk-in,High,Closed,3.3,5,No,Forwarded to concerned office
SR-0062,2026-01-05,Latag,Water,Hotline,Normal,Pending Validation,37.2,,No,
SR-0063,2026-01-09,Mataas Na Lupa,Water,Barangay Referral,High,Closed,12.3,4,No,Requires site validation
SR-0064,2026-09-03,San Carlos,Peace and Order,Hotline,High,Closed,18.0,4,No,
SR-0065,2026-04-05,Tambo,Peace and Order,Mobile App,Normal,Closed,4.1,4,No,Requires site validation
SR-0066,2026-07-21,Anilao-Labac,Solid Waste,Hotline,High,Closed,11.8,5,No,Requires site validation
SR-0067,2026-05-01,Antipolo Del Sur,Streetlight,Hotline,Normal,Closed,10.2,5,Yes,Requires site validation
SR-0068,2026-09-10,Rizal,Road/Drainage,Walk-in,Normal,Closed,47.2,4,No,
SR-0069,2026-05-26,Poblacion Barangay 7,Water,Hotline,High,Closed,11.4,4,No,Requires site validation
SR-0070,2026-02-28,Bagong Pook,Water,Walk-in,High,Closed,17.0,4,No,Citizen follow-up received
SR-0071,2026-03-02,Santo Niño,Road/Drainage,Mobile App,Urgent,Closed,17.6,3,No,Forwarded to concerned office
SR-0072,2026-07-21,Lodlod,Road/Drainage,Barangay Referral,Low,Closed,12.2,3,No,Forwarded to concerned office
SR-0073,2026-01-06,Antipolo Del Norte,Disaster Concern,Mobile App,Normal,Closed,22.9,4,No,
SR-0074,2026-07-06,Bagong Pook,Permits/Inquiry,Web Form,Low,In Progress,38.4,,Yes,
SR-0075,2026-01-25,Antipolo Del Norte,Water,Hotline,Low,In Progress,54.9,,No,Citizen follow-up received
SR-0076,2026-08-11,Duhatan,Disaster Concern,Hotline,Low,Closed,37.6,4,No,Forwarded to concerned office
SR-0077,2026-04-13,Marauoy,Peace and Order,Barangay Referral,Normal,Closed,33.4,5,No,Citizen follow-up received
SR-0078,2026-04-10,San Sebastian,Streetlight,Hotline,Normal,Closed,30.7,4,No,Citizen follow-up received
SR-0079,2026-01-12,Poblacion Barangay 2,Streetlight,Web Form,Urgent,In Progress,12.1,,Yes,
SR-0080,2026-06-18,Tanguay,Streetlight,Barangay Referral,Low,Pending Validation,14.8,,Yes,Requires site validation
SR-0081,2026-05-12,Sico,Water,Barangay Referral,Normal,Closed,8.9,5,No,
SR-0082,2026-09-06,Sabang,Permits/Inquiry,Hotline,Normal,Closed,25.3,4,No,Citizen follow-up received
SR-0083,2026-03-24,Sabang,Road/Drainage,Barangay Referral,Normal,Closed,8.7,4,Yes,Forwarded to concerned office
SR-0084,2026-04-06,Banaybanay,Solid Waste,Walk-in,High,Closed,17.0,4,Yes,
SR-0085,2026-01-24,Tibig,Disaster Concern,Hotline,Normal,Closed,14.3,4,Yes,Citizen follow-up received
SR-0086,2026-06-24,Antipolo Del Sur,Road/Drainage,Mobile App,Normal,Closed,35.1,5,No,
SR-0087,2026-02-28,Pangao,Solid Waste,Barangay Referral,Urgent,In Progress,16.3,,No,Citizen follow-up received
SR-0088,2026-05-04,Marauoy,Solid Waste,Web Form,Normal,Closed,15.8,4,No,Forwarded to concerned office
SR-0089,2026-02-18,Mataas Na Lupa,Water,Walk-in,Low,Closed,14.6,3,No,
SR-0090,2026-04-22,Rizal,Peace and Order,Mobile App,Normal,Closed,15.0,4,Yes,Forwarded to concerned office
SR-0091,2026-07-07,Adya,Water,Walk-in,Normal,Closed,16.1,3,No,Forwarded to concerned office
SR-0092,2026-01-14,Balintawak,Road/Drainage,Hotline,High,Closed,17.0,5,No,Citizen follow-up received
SR-0093,2026-04-07,Poblacion Barangay 1,Disaster Concern,Web Form,Normal,In Progress,10.7,,No,Forwarded to concerned office
SR-0094,2026-04-23,Balintawak,Streetlight,Web Form,Normal,Closed,18.4,4,No,Citizen follow-up received
SR-0095,2026-09-17,Sabang,Disaster Concern,Barangay Referral,Normal,Closed,37.1,3,Yes,Requires site validation
SR-0096,2026-05-28,San Jose,Water,Barangay Referral,Normal,Closed,6.4,5,No,Citizen follow-up received
SR-0097,2026-08-12,San Lucas,Disaster Concern,Mobile App,Urgent,Closed,13.9,5,No,Forwarded to concerned office
SR-0098,2026-09-18,Inosloban,Solid Waste,Hotline,Normal,In Progress,23.8,,No,
SR-0099,2026-09-14,Santo Toribio,Permits/Inquiry,Web Form,Normal,Closed,63.7,4,No,Requires site validation
SR-0100,2026-06-20,Sabang,Peace and Order,Walk-in,Urgent,Closed,16.0,4,Yes,Requires site validation
SR-0101,2026-08-01,Lodlod,Water,Barangay Referral,Urgent,In Progress,9.2,,No,Requires site validation
SR-0102,2026-03-26,Bolbok,Water,Mobile App,Low,Closed,18.4,4,Yes,
SR-0103,2026-06-12,Pinagkawitan,Peace and Order,Walk-in,Normal,Closed,17.8,3,No,Requires site validation
SR-0104,2026-02-25,San Francisco,Disaster Concern,Mobile App,Normal,Closed,12.9,5,No,Requires site validation
SR-0105,2026-04-13,San Salvador,Solid Waste,Hotline,Low,In Progress,10.1,,No,Requires site validation
SR-0106,2026-01-24,Sapac,Water,Mobile App,High,Closed,8.4,5,Yes,Requires site validation
SR-0107,2026-03-22,Quezon,Disaster Concern,Walk-in,High,Closed,13.0,3,No,Requires site validation
SR-0108,2026-09-09,Banaybanay,Disaster Concern,Mobile App,Normal,Closed,22.1,4,Yes,
SR-0109,2026-03-28,San Carlos,Permits/Inquiry,Walk-in,High,Closed,9.6,3,No,
SR-0110,2026-08-16,Anilao,Streetlight,Barangay Referral,Normal,Closed,11.1,4,No,Requires site validation
SR-0111,2026-07-19,San Benito,Water,Barangay Referral,Normal,Closed,18.6,3,No,Citizen follow-up received
SR-0112,2026-01-07,Tambo,Water,Hotline,Low,Closed,9.4,3,No,
SR-0113,2026-02-04,Munting Pulo,Peace and Order,Hotline,Normal,Closed,7.0,4,Yes,Requires site validation
SR-0114,2026-04-07,Tanguay,Peace and Order,Mobile App,Normal,In Progress,13.6,,No,Citizen follow-up received
SR-0115,2026-03-09,San Lucas,Streetlight,Web Form,Normal,Closed,20.2,4,No,Requires site validation
SR-0116,2026-02-04,Bolbok,Water,Hotline,High,Pending Validation,12.4,,No,Citizen follow-up received
SR-0117,2026-02-15,Cumba,Peace and Order,Hotline,High,Closed,16.7,3,No,Citizen follow-up received
SR-0118,2026-01-21,Pusil,Solid Waste,Walk-in,Normal,Closed,16.7,4,Yes,Requires site validation
SR-0119,2026-06-22,Dagatan,Solid Waste,Barangay Referral,Low,Closed,46.2,4,No,Forwarded to concerned office
SR-0120,2026-05-25,Bolbok,Health,Walk-in,Normal,Closed,42.1,4,No,Requires site validation
SR-0121,2026-08-11,Lodlod,Water,Walk-in,Normal,Closed,28.3,3,No,Citizen follow-up received
SR-0122,2026-06-18,San Sebastian,Road/Drainage,Mobile App,Normal,Closed,9.2,4,Yes,
SR-0123,2026-02-06,Bugtong na Pulo,Solid Waste,Web Form,High,Closed,3.8,5,No,Forwarded to concerned office
SR-0124,2026-04-12,Marauoy,Solid Waste,Walk-in,Low,Closed,26.9,4,No,
SR-0125,2026-08-10,Banaybanay,Water,Mobile App,High,Closed,6.6,5,Yes,Requires site validation
SR-0126,2026-01-01,Inosloban,Water,Barangay Referral,High,Closed,8.9,4,No,Forwarded to concerned office
SR-0127,2026-09-07,Pinagtongulan,Solid Waste,Web Form,Normal,Closed,22.7,4,No,Forwarded to concerned office
SR-0128,2026-04-13,Barangay 12,Solid Waste,Web Form,High,Closed,17.1,3,No,Requires site validation
SR-0129,2026-06-10,Bolbok,Solid Waste,Walk-in,Normal,Closed,30.6,3,No,Forwarded to concerned office
SR-0130,2026-02-22,San Lucas,Water,Hotline,Normal,In Progress,20.2,,No,Requires site validation
SR-0131,2026-06-11,Tibig,Road/Drainage,Barangay Referral,Normal,Closed,21.6,4,No,
SR-0132,2026-09-03,Pangao,Permits/Inquiry,Mobile App,High,Closed,8.8,4,No,Citizen follow-up received
SR-0133,2026-02-14,Sabang,Streetlight,Hotline,High,Closed,11.8,5,No,Citizen follow-up received
SR-0134,2026-01-11,Pangao,Water,Walk-in,Urgent,Pending Validation,5.3,,Yes,Citizen follow-up received
SR-0135,2026-07-24,Poblacion Barangay 2,Water,Mobile App,High,Closed,12.3,4,No,Forwarded to concerned office
SR-0136,2026-06-01,San Salvador,Streetlight,Web Form,Normal,In Progress,31.0,,No,Citizen follow-up received
SR-0137,2026-04-14,Balintawak,Road/Drainage,Web Form,High,Closed,6.1,3,No,Forwarded to concerned office
SR-0138,2026-01-08,San Jose,Health,Web Form,Normal,Closed,20.8,3,No,
SR-0139,2026-03-06,Pangao,Peace and Order,Barangay Referral,Normal,In Progress,36.1,,Yes,Citizen follow-up received
SR-0140,2026-07-26,Marauoy,Road/Drainage,Barangay Referral,Normal,Closed,21.7,3,No,Forwarded to concerned office
SR-0141,2026-07-29,San Francisco,Permits/Inquiry,Walk-in,Normal,In Progress,7.2,,No,Forwarded to concerned office
SR-0142,2026-05-16,Sapac,Water,Barangay Referral,High,Pending Validation,4.5,,No,
SR-0143,2026-05-31,Inosloban,Health,Barangay Referral,Normal,Closed,47.1,4,No,Forwarded to concerned office
SR-0144,2026-07-03,Sabang,Solid Waste,Barangay Referral,Normal,Closed,16.4,5,No,Requires site validation
SR-0145,2026-03-11,San Carlos,Solid Waste,Barangay Referral,High,Closed,14.8,4,Yes,Citizen follow-up received
SR-0146,2026-08-21,Tambo,Peace and Order,Hotline,Normal,In Progress,17.0,,Yes,Citizen follow-up received
SR-0147,2026-07-10,Sabang,Streetlight,Walk-in,Normal,Closed,17.2,5,No,Forwarded to concerned office
SR-0148,2026-03-02,Bagong Pook,Disaster Concern,Barangay Referral,Urgent,Closed,15.9,3,No,Requires site validation
SR-0149,2026-08-26,Antipolo Del Sur,Disaster Concern,Mobile App,High,Closed,6.9,4,Yes,
SR-0150,2026-01-07,Balintawak,Peace and Order,Hotline,Normal,Closed,30.6,4,No,
SR-0151,2026-05-23,San Francisco,Streetlight,Web Form,Normal,In Progress,9.4,,No,Citizen follow-up received
SR-0152,2026-06-06,San Salvador,Permits/Inquiry,Barangay Referral,Normal,Closed,32.3,5,No,
SR-0153,2026-09-04,Tambo,Health,Barangay Referral,High,Closed,3.8,3,No,Citizen follow-up received
SR-0154,2026-02-10,Mabini,Streetlight,Barangay Referral,Normal,In Progress,42.6,,No,Forwarded to concerned office
SR-0155,2026-06-30,Sapac,Permits/Inquiry,Barangay Referral,Normal,Closed,10.0,4,Yes,Requires site validation
SR-0156,2026-03-04,Rizal,Disaster Concern,Web Form,Normal,Closed,11.5,5,No,Forwarded to concerned office
SR-0157,2026-01-22,Adya,Health,Mobile App,Normal,Closed,29.8,5,No,Forwarded to concerned office
SR-0158,2026-03-10,Lodlod,Streetlight,Barangay Referral,Normal,Closed,20.7,5,Yes,Requires site validation
SR-0159,2026-08-31,Anilao,Solid Waste,Mobile App,High,Closed,14.4,4,Yes,Requires site validation
SR-0160,2026-08-24,Marauoy,Health,Barangay Referral,Low,Closed,25.5,3,No,Citizen follow-up received
SR-0161,2026-08-07,Kayumanggi,Road/Drainage,Hotline,Normal,Closed,25.6,5,No,
SR-0162,2026-05-30,Malagonlong,Streetlight,Web Form,High,Closed,17.6,5,Yes,Requires site validation
SR-0163,2026-08-28,Sapac,Health,Mobile App,Normal,Closed,27.9,5,No,Requires site validation
SR-0164,2026-04-15,Halang,Solid Waste,Web Form,Normal,Closed,43.8,3,Yes,
SR-0165,2026-09-19,Pinagtongulan,Permits/Inquiry,Barangay Referral,Normal,Closed,6.4,4,Yes,Citizen follow-up received
SR-0166,2026-02-14,Bagong Pook,Water,Barangay Referral,Normal,Closed,50.1,4,No,
SR-0167,2026-08-11,Mabini,Peace and Order,Mobile App,High,Closed,11.9,4,No,
SR-0168,2026-07-10,Marauoy,Disaster Concern,Web Form,Normal,Closed,52.8,3,No,Requires site validation
SR-0169,2026-03-12,Balintawak,Health,Hotline,Normal,Closed,13.9,4,No,Forwarded to concerned office
SR-0170,2026-01-12,Pagolingin West,Solid Waste,Walk-in,Normal,Closed,15.7,5,No,
SR-0171,2026-01-18,Bugtong na Pulo,Permits/Inquiry,Barangay Referral,High,In Progress,17.4,,Yes,Forwarded to concerned office
SR-0172,2026-07-28,Sabang,Solid Waste,Web Form,Normal,Closed,18.6,5,No,Citizen follow-up received
SR-0173,2026-03-05,Marauoy,Disaster Concern,Web Form,High,Closed,12.3,4,No,
SR-0174,2026-06-29,Banaybanay,Solid Waste,Hotline,Normal,Closed,12.6,4,Yes,Requires site validation
SR-0175,2026-03-26,Bugtong na Pulo,Solid Waste,Mobile App,Normal,In Progress,24.6,,Yes,Citizen follow-up received
SR-0176,2026-05-16,San Celestino,Health,Walk-in,Urgent,Closed,5.9,4,No,Forwarded to concerned office
SR-0177,2026-02-23,Bolbok,Health,Web Form,High,Closed,15.1,5,No,Forwarded to concerned office
SR-0178,2026-07-15,Sampaguita,Health,Barangay Referral,Normal,Closed,18.0,5,No,
SR-0179,2026-09-21,Pinagkawitan,Road/Drainage,Web Form,Normal,Closed,45.6,5,No,
SR-0180,2026-04-23,Bulacnin,Disaster Concern,Barangay Referral,Normal,In Progress,35.0,,No,Forwarded to concerned office
SR-0181,2026-03-01,Bugtong na Pulo,Permits/Inquiry,Mobile App,Normal,Closed,7.4,4,Yes,Citizen follow-up received
SR-0182,2026-03-04,Tambo,Peace and Order,Barangay Referral,High,Closed,2.1,5,Yes,Citizen follow-up received
SR-0183,2026-01-31,Sampaguita,Water,Barangay Referral,Low,Closed,30.0,4,No,Forwarded to concerned office
SR-0184,2026-09-01,Bolbok,Solid Waste,Barangay Referral,Normal,Closed,20.8,5,No,Citizen follow-up received
SR-0185,2026-09-06,Tibig,Permits/Inquiry,Mobile App,Low,Closed,61.7,4,No,Requires site validation
SR-0186,2026-05-13,Sabang,Permits/Inquiry,Web Form,Normal,Closed,25.3,4,No,Requires site validation
SR-0187,2026-08-06,Pangao,Water,Hotline,Low,In Progress,11.3,,Yes,Citizen follow-up received
SR-0188,2026-09-10,Pusil,Peace and Order,Web Form,Normal,Closed,7.4,4,No,Forwarded to concerned office
SR-0189,2026-01-19,Marauoy,Streetlight,Web Form,Normal,Closed,15.6,4,Yes,Forwarded to concerned office
SR-0190,2026-05-21,Inosloban,Streetlight,Mobile App,Normal,Closed,13.7,4,Yes,Citizen follow-up received
SR-0191,2026-06-16,Munting Pulo,Peace and Order,Barangay Referral,Normal,Closed,18.1,3,Yes,Forwarded to concerned office
SR-0192,2026-06-21,Santo Toribio,Water,Hotline,Normal,In Progress,11.6,,No,Citizen follow-up received
SR-0193,2026-02-05,San Lucas,Water,Web Form,Normal,Closed,21.6,4,No,Citizen follow-up received
SR-0194,2026-02-19,Sapac,Solid Waste,Web Form,Normal,Closed,26.3,3,Yes,Forwarded to concerned office
SR-0195,2026-07-15,Sabang,Streetlight,Web Form,High,Closed,10.4,3,Yes,
SR-0196,2026-04-23,Pangao,Road/Drainage,Barangay Referral,Urgent,Closed,8.7,5,No,Citizen follow-up received
SR-0197,2026-04-09,San Lucas,Streetlight,Mobile App,Normal,Closed,40.7,4,No,Forwarded to concerned office
SR-0198,2026-09-09,Balintawak,Road/Drainage,Walk-in,Normal,Pending Validation,22.5,,Yes,
SR-0199,2026-04-18,Santo Niño,Disaster Concern,Walk-in,Normal,Closed,47.7,4,No,Forwarded to concerned office
SR-0200,2026-01-21,Mataas Na Lupa,Permits/Inquiry,Web Form,High,Closed,10.2,3,Yes,Forwarded to concerned office
SR-0201,2026-04-22,Balintawak,Permits/Inquiry,Web Form,Normal,Closed,26.3,5,No,Forwarded to concerned office
SR-0202,2026-04-18,Pangao,Permits/Inquiry,Walk-in,High,Closed,13.3,4,No,Forwarded to concerned office
SR-0203,2026-09-12,Pinagkawitan,Solid Waste,Mobile App,Normal,Closed,22.3,3,No,
SR-0204,2026-07-06,Lodlod,Health,Hotline,Urgent,Closed,6.3,4,No,Citizen follow-up received
SR-0205,2026-08-22,Tambo,Road/Drainage,Barangay Referral,Normal,Closed,54.4,4,No,Forwarded to concerned office
SR-0206,2026-02-21,Pusil,Solid Waste,Mobile App,Normal,In Progress,32.7,,No,Requires site validation
SR-0207,2026-04-19,San Sebastian,Disaster Concern,Walk-in,High,Closed,13.7,4,Yes,Citizen follow-up received
SR-0208,2026-06-28,Lodlod,Water,Web Form,High,Closed,10.1,4,No,Requires site validation
SR-0209,2026-01-27,San Lucas,Disaster Concern,Web Form,Normal,Closed,33.2,5,No,
SR-0210,2026-05-14,Adya,Permits/Inquiry,Web Form,Normal,Closed,8.2,5,No,
SR-0211,2026-08-23,San Jose,Peace and Order,Mobile App,Normal,Closed,18.0,4,Yes,
SR-0212,2026-06-02,Poblacion Barangay 2,Permits/Inquiry,Barangay Referral,Normal,Closed,51.1,5,No,
SR-0213,2026-06-17,Lodlod,Streetlight,Barangay Referral,Normal,In Progress,42.8,,No,Forwarded to concerned office
SR-0214,2026-02-17,Inosloban,Disaster Concern,Barangay Referral,High,Closed,15.9,4,No,Citizen follow-up received
SR-0215,2026-04-02,Duhatan,Water,Web Form,Normal,Closed,48.8,4,No,Citizen follow-up received
SR-0216,2026-04-22,Bulacnin,Streetlight,Hotline,Urgent,Closed,6.7,4,No,Citizen follow-up received
SR-0217,2026-01-17,Sico,Solid Waste,Hotline,Urgent,Closed,17.5,5,No,Forwarded to concerned office
SR-0218,2026-02-08,Talisay,Water,Mobile App,Urgent,Closed,16.7,5,No,Forwarded to concerned office
SR-0219,2026-05-26,San Francisco,Permits/Inquiry,Barangay Referral,Normal,Closed,12.5,4,No,Requires site validation
SR-0220,2026-02-22,San Benito,Permits/Inquiry,Hotline,High,In Progress,9.4,,No,Forwarded to concerned office
SR-0221,2026-01-12,Sabang,Solid Waste,Walk-in,High,Closed,6.0,4,Yes,Requires site validation
SR-0222,2026-03-13,Lodlod,Permits/Inquiry,Barangay Referral,Normal,Pending Validation,2.8,,No,Requires site validation
SR-0223,2026-03-16,Sabang,Streetlight,Hotline,Urgent,Closed,9.6,5,No,
SR-0224,2026-04-30,Kayumanggi,Streetlight,Mobile App,Normal,In Progress,49.0,,No,
SR-0225,2026-05-06,Sapac,Road/Drainage,Mobile App,Normal,Closed,70.3,5,No,Requires site validation
SR-0226,2026-08-11,Antipolo Del Norte,Health,Barangay Referral,Normal,Closed,55.9,5,No,Requires site validation
SR-0227,2026-03-22,Pinagkawitan,Disaster Concern,Walk-in,Normal,Closed,21.6,4,No,Requires site validation
SR-0228,2026-07-02,Bolbok,Road/Drainage,Web Form,Normal,Closed,10.6,4,Yes,Forwarded to concerned office
SR-0229,2026-07-12,Sico,Road/Drainage,Mobile App,Normal,Closed,11.3,3,Yes,
SR-0230,2026-04-22,Inosloban,Health,Mobile App,Low,Closed,23.7,5,Yes,Requires site validation
SR-0231,2026-02-06,Sabang,Peace and Order,Hotline,Normal,Closed,51.4,5,Yes,Requires site validation
SR-0232,2026-01-12,Sapac,Disaster Concern,Web Form,High,Closed,11.0,3,No,Citizen follow-up received
SR-0233,2026-03-01,Marauoy,Solid Waste,Web Form,Normal,Closed,2.6,5,Yes,Requires site validation
SR-0234,2026-08-20,Lodlod,Peace and Order,Mobile App,High,Closed,17.1,5,No,Requires site validation
SR-0235,2026-02-20,Tibig,Solid Waste,Mobile App,Normal,Closed,4.6,3,No,Citizen follow-up received
SR-0236,2026-03-12,Antipolo Del Sur,Peace and Order,Barangay Referral,High,Closed,15.0,4,Yes,Requires site validation
SR-0237,2026-05-27,Latag,Solid Waste,Walk-in,Normal,Closed,23.8,4,Yes,Requires site validation
SR-0238,2026-07-14,Sico,Permits/Inquiry,Mobile App,Normal,Pending Validation,40.1,,No,Forwarded to concerned office
SR-0239,2026-01-01,Poblacion Barangay 9,Road/Drainage,Mobile App,High,Closed,12.0,3,No,Citizen follow-up received
SR-0240,2026-08-17,Pangao,Health,Hotline,Normal,Closed,30.5,4,Yes,Forwarded to concerned office
SR-0241,2026-04-06,Talisay,Health,Mobile App,High,Closed,7.4,4,Yes,Citizen follow-up received
SR-0242,2026-02-12,Tibig,Solid Waste,Walk-in,Normal,In Progress,23.8,,No,
SR-0243,2026-03-11,Sabang,Water,Barangay Referral,Normal,Closed,9.3,5,No,Forwarded to concerned office
SR-0244,2026-07-08,Plaridel,Solid Waste,Barangay Referral,Normal,Closed,8.1,4,No,Requires site validation
SR-0245,2026-02-09,San Jose,Peace and Order,Hotline,High,Pending Validation,3.2,,No,Citizen follow-up received
SR-0246,2026-02-09,Mabini,Peace and Order,Barangay Referral,Normal,Closed,28.5,4,No,
SR-0247,2026-03-26,Sampaguita,Water,Mobile App,High,Closed,14.7,4,Yes,
SR-0248,2026-07-22,San Carlos,Streetlight,Hotline,Normal,Closed,33.6,4,Yes,Requires site validation
SR-0249,2026-06-18,Adya,Peace and Order,Web Form,Normal,Closed,7.8,4,No,Requires site validation
SR-0250,2026-03-13,Poblacion Barangay 7,Solid Waste,Web Form,Normal,In Progress,10.9,,No,Citizen follow-up received
SR-0251,2026-03-08,San Salvador,Permits/Inquiry,Barangay Referral,High,In Progress,3.0,,No,Forwarded to concerned office
SR-0252,2026-02-09,Inosloban,Road/Drainage,Barangay Referral,High,Pending Validation,17.6,,No,Citizen follow-up received
SR-0253,2026-01-08,Banaybanay,Road/Drainage,Web Form,High,In Progress,10.0,,Yes,Requires site validation
SR-0254,2026-08-25,Antipolo Del Norte,Solid Waste,Barangay Referral,High,Closed,7.0,3,No,Citizen follow-up received
SR-0255,2026-08-22,Lodlod,Solid Waste,Web Form,Low,Closed,35.2,5,No,Requires site validation
SR-0256,2026-06-26,Poblacion Barangay 7,Peace and Order,Mobile App,High,In Progress,9.6,,No,Citizen follow-up received
SR-0257,2026-07-05,Bulacnin,Permits/Inquiry,Hotline,Urgent,Pending Validation,10.4,,No,Citizen follow-up received
SR-0258,2026-05-10,San Carlos,Peace and Order,Barangay Referral,Urgent,Closed,8.7,3,No,Citizen follow-up received
SR-0259,2026-08-01,San Francisco,Disaster Concern,Mobile App,Normal,Closed,8.3,5,No,Requires site validation
SR-0260,2026-06-25,Mabini,Streetlight,Mobile App,Normal,Closed,47.3,5,No,Requires site validation
SR-0261,2026-01-03,Bulacnin,Water,Walk-in,Normal,Closed,36.5,4,No,Citizen follow-up received
SR-0262,2026-08-13,Marauoy,Streetlight,Mobile App,High,Closed,12.2,4,Yes,Forwarded to concerned office
SR-0263,2026-03-22,Sampaguita,Water,Mobile App,High,Closed,14.1,3,No,Requires site validation
SR-0264,2026-05-14,Poblacion Barangay 1,Water,Web Form,Urgent,Closed,17.3,4,Yes,Forwarded to concerned office
SR-0265,2026-03-05,Mataas Na Lupa,Road/Drainage,Barangay Referral,Low,Closed,21.8,4,No,Requires site validation
SR-0266,2026-04-22,Inosloban,Disaster Concern,Walk-in,Normal,Closed,26.4,4,Yes,Requires site validation
SR-0267,2026-02-12,Tambo,Streetlight,Hotline,Normal,Closed,42.8,4,No,Citizen follow-up received
SR-0268,2026-03-08,Mataas Na Lupa,Disaster Concern,Mobile App,Urgent,Closed,3.2,3,No,Forwarded to concerned office
SR-0269,2026-04-24,Sapac,Health,Barangay Referral,High,Closed,6.0,5,No,Forwarded to concerned office
SR-0270,2026-09-09,Sampaguita,Streetlight,Walk-in,Normal,Closed,16.9,3,No,Forwarded to concerned office
SR-0271,2026-06-30,Bulaklakan,Peace and Order,Barangay Referral,Low,Closed,12.5,4,No,
SR-0272,2026-02-13,Lumbang,Permits/Inquiry,Mobile App,Low,In Progress,12.3,,No,
SR-0273,2026-06-27,Latag,Health,Walk-in,Normal,Closed,46.0,4,No,Forwarded to concerned office
SR-0274,2026-03-16,Sapac,Disaster Concern,Walk-in,Normal,Closed,22.8,4,No,
SR-0275,2026-05-23,Balintawak,Health,Barangay Referral,Normal,Closed,8.0,4,Yes,
SR-0276,2026-08-06,San Sebastian,Health,Walk-in,Normal,In Progress,7.4,,Yes,Forwarded to concerned office
SR-0277,2026-03-07,Mataas Na Lupa,Road/Drainage,Walk-in,Normal,Closed,32.5,5,No,Citizen follow-up received
SR-0278,2026-02-21,Banaybanay,Peace and Order,Walk-in,High,Closed,16.0,4,No,Requires site validation
SR-0279,2026-03-16,Poblacion Barangay 7,Streetlight,Barangay Referral,High,Closed,4.1,3,No,Citizen follow-up received
SR-0280,2026-04-18,Santo Toribio,Water,Web Form,Normal,Closed,31.1,4,Yes,Requires site validation
SR-0281,2026-01-18,Latag,Solid Waste,Walk-in,Normal,Closed,21.5,5,No,Requires site validation
SR-0282,2026-08-23,Bulacnin,Water,Mobile App,Normal,Closed,23.1,3,No,Requires site validation
SR-0283,2026-08-05,Lumbang,Health,Hotline,Normal,Closed,14.9,4,No,Forwarded to concerned office
SR-0284,2026-04-25,Antipolo Del Sur,Solid Waste,Hotline,Normal,Closed,24.6,5,No,Requires site validation
SR-0285,2026-06-24,Tibig,Water,Mobile App,High,Closed,14.7,5,No,Requires site validation
SR-0286,2026-09-03,Sabang,Solid Waste,Web Form,Normal,Closed,21.4,4,No,Requires site validation
SR-0287,2026-06-12,Tibig,Permits/Inquiry,Web Form,Normal,Closed,61.2,3,No,
SR-0288,2026-01-22,Mataas Na Lupa,Solid Waste,Walk-in,Normal,Closed,3.0,4,Yes,
SR-0289,2026-03-07,Inosloban,Streetlight,Mobile App,High,Closed,12.6,4,No,
SR-0290,2026-04-22,Balintawak,Disaster Concern,Barangay Referral,Normal,Closed,5.4,5,No,Forwarded to concerned office
SR-0291,2026-02-12,Barangay 12,Streetlight,Web Form,Normal,In Progress,29.3,,No,Requires site validation
SR-0292,2026-03-02,San Carlos,Peace and Order,Web Form,High,In Progress,9.7,,No,Forwarded to concerned office
SR-0293,2026-03-06,Sabang,Solid Waste,Hotline,Urgent,Pending Validation,9.6,,No,Forwarded to concerned office
SR-0294,2026-08-28,Inosloban,Permits/Inquiry,Hotline,Normal,Closed,21.0,3,No,Citizen follow-up received
SR-0295,2026-07-24,Latag,Permits/Inquiry,Mobile App,Normal,Closed,45.6,4,No,
SR-0296,2026-06-04,Pinagkawitan,Streetlight,Web Form,Normal,Pending Validation,26.6,,No,
SR-0297,2026-01-12,Marauoy,Road/Drainage,Walk-in,Normal,Closed,48.8,5,Yes,Requires site validation
SR-0298,2026-02-21,Bolbok,Permits/Inquiry,Mobile App,High,Closed,10.0,3,Yes,
SR-0299,2026-03-12,Kayumanggi,Health,Walk-in,High,Closed,11.4,4,No,Forwarded to concerned office
SR-0300,2026-02-04,San Lucas,Solid Waste,Barangay Referral,Normal,Closed,42.1,4,No,Citizen follow-up received
SR-0301,2026-05-14,Poblacion Barangay 7,Solid Waste,Walk-in,Normal,Closed,23.3,4,No,
SR-0302,2026-06-25,Kayumanggi,Disaster Concern,Barangay Referral,Normal,Closed,17.6,4,No,Forwarded to concerned office
SR-0303,2026-01-25,Bugtong na Pulo,Disaster Concern,Mobile App,Normal,Closed,32.1,4,No,Requires site validation
SR-0304,2026-05-17,San Francisco,Road/Drainage,Web Form,Low,Closed,25.4,3,No,Requires site validation
SR-0305,2026-05-20,Tambo,Water,Barangay Referral,Normal,Closed,49.3,5,No,
SR-0306,2026-03-06,Inosloban,Solid Waste,Web Form,Normal,Closed,13.9,4,Yes,Forwarded to concerned office
SR-0307,2026-09-16,Tambo,Water,Walk-in,Normal,Closed,13.4,4,No,
SR-0308,2026-02-12,Sabang,Solid Waste,Web Form,Normal,In Progress,22.7,,No,Forwarded to concerned office
SR-0309,2026-01-03,Pinagkawitan,Road/Drainage,Barangay Referral,Low,Closed,29.3,5,No,Forwarded to concerned office
SR-0310,2026-07-26,San Lucas,Health,Hotline,Urgent,Closed,9.8,5,No,Forwarded to concerned office
SR-0311,2026-04-06,Sabang,Peace and Order,Hotline,Normal,Closed,13.2,3,No,
SR-0312,2026-02-19,Sabang,Permits/Inquiry,Hotline,Normal,Closed,6.0,4,No,Requires site validation
SR-0313,2026-02-12,Tipacan,Streetlight,Walk-in,High,In Progress,8.8,,No,Citizen follow-up received
SR-0314,2026-03-27,Tangob,Streetlight,Web Form,Normal,Closed,43.6,4,Yes,
SR-0315,2026-09-06,San Lucas,Streetlight,Barangay Referral,Normal,Closed,8.5,3,Yes,Requires site validation
SR-0316,2026-06-21,Sabang,Water,Web Form,Normal,Closed,26.6,4,No,Citizen follow-up received
SR-0317,2026-01-10,Lodlod,Solid Waste,Hotline,Urgent,Closed,10.0,5,No,
SR-0318,2026-03-29,Santo Toribio,Peace and Order,Walk-in,Normal,In Progress,21.5,,No,
SR-0319,2026-04-05,Marauoy,Disaster Concern,Barangay Referral,High,Closed,11.5,5,No,Forwarded to concerned office
SR-0320,2026-05-31,Poblacion Barangay 3,Water,Mobile App,Normal,In Progress,43.5,,No,Citizen follow-up received
SR-0321,2026-03-14,San Carlos,Road/Drainage,Mobile App,Normal,In Progress,44.0,,No,Forwarded to concerned office
SR-0322,2026-03-05,Dagatan,Water,Web Form,High,Closed,15.4,5,No,Requires site validation
SR-0323,2026-02-20,Sabang,Health,Barangay Referral,Normal,Closed,27.2,4,No,Requires site validation
SR-0324,2026-06-15,Latag,Solid Waste,Barangay Referral,Normal,Closed,20.5,5,No,
SR-0325,2026-06-01,Inosloban,Disaster Concern,Walk-in,Normal,Pending Validation,10.2,,Yes,Forwarded to concerned office
SR-0326,2026-05-19,Marauoy,Water,Hotline,High,Closed,14.9,4,Yes,
SR-0327,2026-04-29,Kayumanggi,Disaster Concern,Walk-in,High,Closed,4.7,4,No,
SR-0328,2026-06-25,Inosloban,Disaster Concern,Web Form,Normal,In Progress,41.7,,No,Requires site validation
SR-0329,2026-04-16,San Celestino,Disaster Concern,Walk-in,Urgent,Closed,12.2,4,No,Requires site validation
SR-0330,2026-01-01,Pinagkawitan,Peace and Order,Hotline,Normal,Closed,33.7,5,No,Requires site validation
SR-0331,2026-03-11,Lodlod,Streetlight,Barangay Referral,Normal,Closed,21.9,5,No,Requires site validation
SR-0332,2026-01-04,Lodlod,Disaster Concern,Web Form,Normal,Closed,29.9,4,No,Requires site validation
SR-0333,2026-05-25,Tambo,Road/Drainage,Web Form,High,In Progress,9.7,,Yes,Forwarded to concerned office
SR-0334,2026-02-28,Sabang,Peace and Order,Walk-in,Normal,Closed,11.9,4,Yes,Requires site validation
SR-0335,2026-08-18,Anilao,Peace and Order,Mobile App,Low,Closed,4.6,3,No,Requires site validation
SR-0336,2026-04-05,Poblacion Barangay 1,Streetlight,Web Form,Normal,In Progress,34.1,,No,Forwarded to concerned office
SR-0337,2026-04-09,Sico,Water,Web Form,Urgent,Closed,4.4,4,No,Forwarded to concerned office
SR-0338,2026-07-11,Pagolingin West,Solid Waste,Barangay Referral,Normal,Closed,26.9,4,Yes,Forwarded to concerned office
SR-0339,2026-04-27,Santo Toribio,Disaster Concern,Hotline,Normal,Closed,33.3,5,No,Citizen follow-up received
SR-0340,2026-01-16,San Salvador,Road/Drainage,Web Form,Normal,Closed,35.8,5,No,Citizen follow-up received
SR-0341,2026-01-17,Tangob,Streetlight,Walk-in,Low,Closed,10.1,5,Yes,Citizen follow-up received
SR-0342,2026-01-31,Munting Pulo,Health,Web Form,Normal,Closed,18.6,4,No,Forwarded to concerned office
SR-0343,2026-07-28,Sico,Road/Drainage,Walk-in,Normal,Closed,7.7,4,No,Forwarded to concerned office
SR-0344,2026-05-16,Latag,Permits/Inquiry,Barangay Referral,Normal,Closed,30.8,5,No,Requires site validation
SR-0345,2026-06-29,Plaridel,Permits/Inquiry,Barangay Referral,Normal,Pending Validation,36.5,,No,Requires site validation
SR-0346,2026-07-21,San Carlos,Water,Hotline,High,Closed,13.0,3,No,Citizen follow-up received
SR-0347,2026-03-12,Pagolingin East,Permits/Inquiry,Mobile App,Normal,In Progress,46.6,,No,Citizen follow-up received
SR-0348,2026-03-23,Tambo,Road/Drainage,Walk-in,Normal,Closed,39.7,3,No,
SR-0349,2026-08-14,Tibig,Disaster Concern,Barangay Referral,Normal,Closed,60.8,3,No,
SR-0350,2026-06-25,San Lucas,Peace and Order,Hotline,Normal,Closed,12.5,5,No,
SR-0351,2026-06-01,Mabini,Health,Barangay Referral,High,Pending Validation,9.6,,No,Requires site validation
SR-0352,2026-03-18,Sabang,Water,Mobile App,Normal,Closed,19.5,4,No,Requires site validation
SR-0353,2026-04-10,Malitlit,Disaster Concern,Web Form,Normal,In Progress,51.6,,No,Citizen follow-up received
SR-0354,2026-06-12,San Celestino,Solid Waste,Hotline,High,Closed,3.4,4,No,Requires site validation
SR-0355,2026-03-04,Lodlod,Peace and Order,Walk-in,Low,Closed,32.8,4,Yes,
SR-0356,2026-05-21,Inosloban,Water,Web Form,Urgent,In Progress,16.6,,Yes,Requires site validation
SR-0357,2026-01-09,San Celestino,Solid Waste,Web Form,High,Closed,3.8,3,No,
SR-0358,2026-05-23,Inosloban,Permits/Inquiry,Hotline,Low,Closed,8.1,4,No,Citizen follow-up received
SR-0359,2026-04-14,Duhatan,Solid Waste,Walk-in,High,Closed,16.4,4,No,
SR-0360,2026-01-18,Antipolo Del Sur,Road/Drainage,Web Form,Normal,Closed,19.6,3,No,Forwarded to concerned office
SR-0361,2026-07-01,Mabini,Health,Hotline,Low,Closed,15.8,4,Yes,Forwarded to concerned office
SR-0362,2026-03-20,Bolbok,Water,Web Form,Low,Closed,9.0,4,No,Requires site validation
SR-0363,2026-08-22,Antipolo Del Sur,Streetlight,Barangay Referral,Normal,In Progress,7.1,,No,Citizen follow-up received
SR-0364,2026-01-08,Bugtong na Pulo,Health,Hotline,High,In Progress,14.7,,Yes,
SR-0365,2026-04-15,Lumbang,Peace and Order,Barangay Referral,Normal,Closed,24.3,4,No,Citizen follow-up received
SR-0366,2026-03-03,Balintawak,Water,Hotline,High,Closed,13.4,4,No,Citizen follow-up received
SR-0367,2026-06-14,Sabang,Road/Drainage,Mobile App,High,Closed,2.4,4,No,
SR-0368,2026-06-08,Inosloban,Disaster Concern,Web Form,Low,Closed,17.4,4,No,Citizen follow-up received
SR-0369,2026-02-20,Sampaguita,Water,Barangay Referral,Low,Closed,17.3,3,Yes,Requires site validation
SR-0370,2026-05-15,Antipolo Del Norte,Health,Barangay Referral,Normal,Closed,10.2,4,Yes,Requires site validation
SR-0371,2026-04-11,Sampaguita,Solid Waste,Barangay Referral,High,Closed,7.6,4,No,Requires site validation
SR-0372,2026-06-05,San Salvador,Road/Drainage,Walk-in,Urgent,Closed,5.0,4,Yes,Citizen follow-up received
SR-0373,2026-06-21,San Francisco,Permits/Inquiry,Web Form,Low,Closed,25.9,4,Yes,Citizen follow-up received
SR-0374,2026-02-08,Marauoy,Permits/Inquiry,Web Form,High,Closed,12.0,5,No,
SR-0375,2026-07-03,Lodlod,Streetlight,Walk-in,Urgent,Closed,12.0,4,No,Requires site validation
SR-0376,2026-06-18,Pangao,Solid Waste,Web Form,High,Pending Validation,15.1,,Yes,
SR-0377,2026-01-19,Poblacion Barangay 2,Permits/Inquiry,Mobile App,Normal,Pending Validation,18.5,,No,Requires site validation
SR-0378,2026-04-22,Bulacnin,Streetlight,Mobile App,Normal,Closed,26.4,4,Yes,Citizen follow-up received
SR-0379,2026-08-31,Sapac,Streetlight,Walk-in,Normal,Pending Validation,43.8,,No,Forwarded to concerned office
SR-0380,2026-05-25,Bugtong na Pulo,Peace and Order,Web Form,High,Closed,4.3,5,No,Forwarded to concerned office
SR-0381,2026-04-27,Banaybanay,Solid Waste,Web Form,Normal,Closed,26.2,4,No,Requires site validation
SR-0382,2026-02-22,Pagolingin West,Streetlight,Mobile App,Urgent,Closed,16.0,3,No,Citizen follow-up received
SR-0383,2026-05-17,San Salvador,Disaster Concern,Hotline,Normal,Closed,20.7,4,Yes,
SR-0384,2026-02-07,San Carlos,Streetlight,Web Form,Normal,Closed,3.7,5,No,Requires site validation
SR-0385,2026-07-18,Mabini,Solid Waste,Hotline,Urgent,Closed,2.1,4,No,
SR-0386,2026-05-20,Balintawak,Peace and Order,Web Form,Normal,Closed,12.6,5,No,Requires site validation
SR-0387,2026-02-26,Inosloban,Disaster Concern,Hotline,Urgent,Pending Validation,8.9,,Yes,Forwarded to concerned office
SR-0388,2026-08-23,Cumba,Peace and Order,Hotline,High,Closed,17.6,5,No,Citizen follow-up received
SR-0389,2026-05-11,San Lucas,Peace and Order,Walk-in,Normal,Closed,46.8,3,Yes,
SR-0390,2026-08-22,Lodlod,Water,Web Form,Urgent,Closed,4.8,4,No,Requires site validation
SR-0391,2026-05-15,Poblacion Barangay 4,Permits/Inquiry,Walk-in,Urgent,Pending Validation,15.7,,No,Citizen follow-up received
SR-0392,2026-06-12,Pusil,Streetlight,Walk-in,Normal,Closed,16.7,4,Yes,Requires site validation
SR-0393,2026-08-01,Sabang,Permits/Inquiry,Web Form,Normal,Closed,12.4,4,No,
SR-0394,2026-09-20,Pangao,Permits/Inquiry,Hotline,Normal,Closed,11.9,5,No,Citizen follow-up received
SR-0395,2026-08-10,Calamias,Peace and Order,Hotline,Normal,Closed,48.5,4,No,
SR-0396,2026-08-21,Pagolingin West,Peace and Order,Walk-in,Normal,Closed,20.3,3,No,
SR-0397,2026-04-06,Mabini,Disaster Concern,Walk-in,Normal,Closed,28.7,5,No,
SR-0398,2026-01-10,Marauoy,Health,Walk-in,High,Closed,14.0,4,No,Requires site validation
SR-0399,2026-03-05,San Carlos,Water,Walk-in,Normal,Closed,7.2,4,No,
SR-0400,2026-02-04,Bugtong na Pulo,Water,Walk-in,High,Closed,9.2,4,No,Citizen follow-up received
SR-0401,2026-07-02,Sabang,Streetlight,Mobile App,Normal,Closed,67.3,5,No,
SR-0402,2026-04-21,Balintawak,Streetlight,Web Form,Normal,In Progress,49.2,,No,Forwarded to concerned office
SR-0403,2026-02-10,Kayumanggi,Peace and Order,Mobile App,Normal,Closed,35.2,5,No,Forwarded to concerned office
SR-0404,2026-05-10,Quezon,Peace and Order,Walk-in,Normal,Closed,36.3,4,No,Citizen follow-up received
SR-0405,2026-05-06,Lodlod,Solid Waste,Walk-in,High,Closed,10.0,5,No,Requires site validation
SR-0406,2026-06-15,Poblacion Barangay 6,Streetlight,Mobile App,Normal,Closed,8.0,4,No,
SR-0407,2026-05-13,Balintawak,Streetlight,Hotline,Low,Closed,45.3,3,No,
SR-0408,2026-06-05,Banaybanay,Permits/Inquiry,Mobile App,High,Closed,10.3,4,No,Requires site validation
SR-0409,2026-02-25,Balintawak,Solid Waste,Walk-in,Normal,Closed,35.4,5,No,Citizen follow-up received
SR-0410,2026-07-22,Pangao,Peace and Order,Walk-in,Urgent,Closed,13.3,5,No,Citizen follow-up received
SR-0411,2026-06-11,Sapac,Peace and Order,Mobile App,Normal,Closed,16.2,4,No,Forwarded to concerned office
SR-0412,2026-04-21,Sabang,Peace and Order,Walk-in,High,Closed,17.0,5,No,Forwarded to concerned office
SR-0413,2026-07-20,San Lucas,Disaster Concern,Barangay Referral,Normal,Closed,7.8,5,No,
SR-0414,2026-02-06,Sampaguita,Permits/Inquiry,Hotline,Normal,Closed,56.9,4,No,Requires site validation
SR-0415,2026-02-01,Pinagtongulan,Permits/Inquiry,Hotline,High,Closed,6.8,3,Yes,Requires site validation
SR-0416,2026-02-08,San Benito,Peace and Order,Web Form,Normal,Closed,31.6,4,No,Requires site validation
SR-0417,2026-02-28,Banaybanay,Road/Drainage,Walk-in,High,Closed,9.0,3,Yes,Citizen follow-up received
SR-0418,2026-03-20,Kayumanggi,Health,Hotline,Normal,In Progress,8.4,,Yes,Forwarded to concerned office
SR-0419,2026-05-14,Bolbok,Solid Waste,Hotline,Urgent,Closed,8.7,3,Yes,Forwarded to concerned office
SR-0420,2026-03-18,Tambo,Disaster Concern,Hotline,High,Closed,3.4,4,Yes,
SR-0421,2026-05-21,San Jose,Permits/Inquiry,Walk-in,High,Closed,4.3,4,Yes,
SR-0422,2026-08-19,Banaybanay,Disaster Concern,Web Form,Normal,Closed,7.4,3,No,
SR-0423,2026-04-04,Anilao-Labac,Health,Mobile App,Normal,In Progress,24.6,,No,Requires site validation
SR-0424,2026-06-05,Tambo,Permits/Inquiry,Barangay Referral,Normal,Closed,43.4,5,No,Requires site validation
SR-0425,2026-07-16,Banaybanay,Solid Waste,Barangay Referral,High,In Progress,12.6,,No,Requires site validation
SR-0426,2026-02-26,Sico,Streetlight,Hotline,High,Closed,16.1,5,No,
SR-0427,2026-03-07,Marauoy,Peace and Order,Web Form,Normal,Closed,10.7,3,Yes,
SR-0428,2026-01-17,Anilao-Labac,Permits/Inquiry,Mobile App,Normal,Closed,39.5,4,Yes,Citizen follow-up received
SR-0429,2026-06-15,San Salvador,Road/Drainage,Hotline,Low,In Progress,22.8,,No,Citizen follow-up received
SR-0430,2026-05-23,Tanguay,Disaster Concern,Walk-in,Normal,Closed,2.8,4,No,
SR-0431,2026-08-23,Balintawak,Solid Waste,Web Form,High,Closed,4.1,5,No,Forwarded to concerned office
SR-0432,2026-01-04,Anilao,Disaster Concern,Hotline,Normal,Closed,29.4,5,No,
SR-0433,2026-04-27,Inosloban,Disaster Concern,Hotline,Normal,Closed,55.1,3,Yes,Forwarded to concerned office
SR-0434,2026-03-29,Bagong Pook,Road/Drainage,Mobile App,Normal,Closed,36.3,5,No,Requires site validation
SR-0435,2026-03-10,Pangao,Disaster Concern,Web Form,Normal,Closed,23.1,5,Yes,
SR-0436,2026-01-11,Plaridel,Health,Walk-in,Normal,Closed,44.6,4,No,Forwarded to concerned office
SR-0437,2026-07-07,Lodlod,Health,Walk-in,High,In Progress,4.9,,Yes,Citizen follow-up received
SR-0438,2026-04-09,Tambo,Streetlight,Barangay Referral,Normal,In Progress,39.1,,No,Forwarded to concerned office
SR-0439,2026-02-14,Antipolo Del Norte,Peace and Order,Mobile App,Normal,Closed,24.4,5,No,Citizen follow-up received
SR-0440,2026-06-19,San Francisco,Peace and Order,Mobile App,High,In Progress,14.8,,Yes,Citizen follow-up received
SR-0441,2026-04-05,Balintawak,Permits/Inquiry,Hotline,Normal,Closed,26.4,4,Yes,Forwarded to concerned office
SR-0442,2026-04-22,Balintawak,Solid Waste,Web Form,Normal,Closed,6.9,5,No,Requires site validation
SR-0443,2026-03-02,Tangob,Peace and Order,Barangay Referral,Normal,In Progress,33.3,,Yes,Forwarded to concerned office
SR-0444,2026-01-08,Anilao,Water,Web Form,Normal,Closed,7.2,4,No,
SR-0445,2026-09-07,Pinagtongulan,Disaster Concern,Walk-in,Normal,In Progress,17.4,,No,Forwarded to concerned office
SR-0446,2026-05-26,Plaridel,Streetlight,Web Form,High,Closed,4.8,4,No,Forwarded to concerned office
SR-0447,2026-07-02,Banaybanay,Solid Waste,Web Form,Low,Pending Validation,14.8,,No,Citizen follow-up received
SR-0448,2026-04-28,Rizal,Streetlight,Mobile App,Low,Closed,32.1,5,Yes,Requires site validation
SR-0449,2026-04-04,Poblacion Barangay 1,Health,Mobile App,Normal,Closed,54.8,4,No,
SR-0450,2026-06-16,San Salvador,Peace and Order,Hotline,Normal,In Progress,26.8,,No,
SR-0451,2026-08-11,Inosloban,Health,Hotline,High,Closed,15.9,5,Yes,Citizen follow-up received
SR-0452,2026-05-24,Sabang,Peace and Order,Hotline,Urgent,Closed,7.3,4,Yes,Forwarded to concerned office
SR-0453,2026-08-18,Quezon,Streetlight,Web Form,Normal,Closed,24.6,5,Yes,
SR-0454,2026-02-17,Cumba,Water,Mobile App,Normal,Pending Validation,22.5,,No,Citizen follow-up received
SR-0455,2026-01-23,Mabini,Road/Drainage,Web Form,Normal,Closed,53.4,4,Yes,
SR-0456,2026-04-27,Banaybanay,Streetlight,Walk-in,High,Closed,17.0,4,No,Forwarded to concerned office
SR-0457,2026-09-01,Lumbang,Water,Mobile App,High,Closed,12.9,4,Yes,
SR-0458,2026-07-10,Pinagkawitan,Water,Hotline,Urgent,Closed,9.0,5,No,Forwarded to concerned office
SR-0459,2026-05-12,Pinagkawitan,Permits/Inquiry,Web Form,High,Closed,2.9,4,Yes,Requires site validation
SR-0460,2026-07-31,Bulacnin,Peace and Order,Mobile App,Normal,Closed,46.2,3,No,
SR-0461,2026-05-14,Munting Pulo,Health,Walk-in,Normal,Pending Validation,30.3,,No,Forwarded to concerned office
SR-0462,2026-01-25,Inosloban,Streetlight,Barangay Referral,Low,Closed,24.3,5,Yes,Requires site validation
SR-0463,2026-02-17,Tambo,Disaster Concern,Barangay Referral,Low,Closed,30.2,4,No,Citizen follow-up received
SR-0464,2026-05-20,Santo Toribio,Water,Hotline,Normal,Closed,13.5,5,No,Citizen follow-up received
SR-0465,2026-04-21,Tambo,Health,Web Form,Low,Closed,14.3,4,No,Citizen follow-up received
SR-0466,2026-08-09,San Sebastian,Health,Walk-in,Low,Closed,16.3,4,Yes,
SR-0467,2026-01-05,San Celestino,Peace and Order,Hotline,Normal,In Progress,22.5,,No,Forwarded to concerned office
SR-0468,2026-02-15,Plaridel,Water,Walk-in,High,Closed,4.5,5,No,Forwarded to concerned office
SR-0469,2026-05-04,Anilao,Health,Hotline,Urgent,Closed,15.1,5,No,Requires site validation
SR-0470,2026-08-10,Lodlod,Health,Walk-in,Normal,Closed,16.1,5,Yes,Requires site validation
SR-0471,2026-01-28,Inosloban,Solid Waste,Hotline,Normal,Closed,42.5,5,No,Forwarded to concerned office
SR-0472,2026-04-26,Anilao,Disaster Concern,Web Form,Low,Closed,14.6,3,No,Requires site validation
SR-0473,2026-07-30,Lodlod,Health,Hotline,Normal,Closed,23.5,4,Yes,Citizen follow-up received
SR-0474,2026-03-05,San Celestino,Permits/Inquiry,Barangay Referral,Normal,Closed,35.2,5,No,Requires site validation
SR-0475,2026-05-22,Pinagkawitan,Water,Walk-in,High,Closed,2.2,3,No,
SR-0476,2026-01-13,San Celestino,Solid Waste,Barangay Referral,Normal,Closed,51.8,3,Yes,Forwarded to concerned office
SR-0477,2026-03-07,Bugtong na Pulo,Streetlight,Web Form,Low,Closed,18.7,4,No,Requires site validation
SR-0478,2026-05-19,Sapac,Streetlight,Walk-in,Normal,Closed,19.0,4,No,
SR-0479,2026-02-24,Sico,Health,Barangay Referral,Normal,Closed,25.4,4,No,Forwarded to concerned office
SR-0480,2026-02-07,Talisay,Solid Waste,Mobile App,Normal,Closed,12.1,5,No,Citizen follow-up received
SR-0481,2026-05-31,Bolbok,Disaster Concern,Barangay Referral,Normal,In Progress,7.0,,No,Citizen follow-up received
SR-0482,2026-09-08,Inosloban,Road/Drainage,Web Form,Urgent,In Progress,3.4,,No,Citizen follow-up received
SR-0483,2026-04-30,Pangao,Permits/Inquiry,Walk-in,High,In Progress,14.9,,No,Forwarded to concerned office
SR-0484,2026-08-17,Bagong Pook,Water,Walk-in,High,Closed,14.3,5,No,Citizen follow-up received
SR-0485,2026-03-29,Cumba,Water,Mobile App,High,Closed,15.9,5,No,
SR-0486,2026-03-09,Balintawak,Solid Waste,Hotline,Normal,Closed,24.0,5,No,Requires site validation
SR-0487,2026-03-17,Poblacion Barangay 10,Permits/Inquiry,Barangay Referral,Normal,Pending Validation,36.4,,No,Requires site validation
SR-0488,2026-01-29,Anilao,Streetlight,Mobile App,Low,Closed,39.7,5,No,Requires site validation
SR-0489,2026-03-18,Anilao-Labac,Peace and Order,Hotline,High,Closed,16.4,4,Yes,Forwarded to concerned office
SR-0490,2026-05-18,Sico,Permits/Inquiry,Web Form,Normal,Closed,32.5,3,No,Requires site validation
SR-0491,2026-08-10,Sabang,Solid Waste,Walk-in,Normal,Pending Validation,13.9,,No,Citizen follow-up received
SR-0492,2026-08-08,Tibig,Solid Waste,Walk-in,Normal,In Progress,7.4,,No,
SR-0493,2026-04-23,Sampaguita,Disaster Concern,Web Form,Low,Closed,26.1,4,No,Forwarded to concerned office
SR-0494,2026-06-28,Balintawak,Permits/Inquiry,Walk-in,Normal,Closed,24.8,5,No,
SR-0495,2026-05-02,Sabang,Permits/Inquiry,Hotline,Normal,Closed,32.0,5,No,Citizen follow-up received
SR-0496,2026-09-16,Mabini,Peace and Order,Mobile App,Normal,Closed,13.1,5,Yes,
SR-0497,2026-04-03,Sabang,Water,Mobile App,Normal,Closed,50.3,5,No,Citizen follow-up received
SR-0498,2026-03-23,Bulacnin,Health,Walk-in,Normal,Closed,8.6,3,No,
SR-0499,2026-07-20,Banaybanay,Solid Waste,Web Form,Normal,Pending Validation,17.5,,Yes,Citizen follow-up received
SR-0500,2026-01-14,Balintawak,Water,Web Form,Normal,Closed,14.7,5,No,Requires site validation
SR-0501,2026-08-22,Tanguay,Water,Barangay Referral,High,In Progress,7.1,,No,Requires site validation
SR-0502,2026-05-30,Banaybanay,Solid Waste,Web Form,Normal,Closed,8.8,4,No,Citizen follow-up received
SR-0503,2026-08-16,Lodlod,Water,Web Form,High,Closed,3.0,5,No,
SR-0504,2026-03-29,San Salvador,Road/Drainage,Hotline,Normal,Closed,58.8,4,No,
SR-0505,2026-01-03,Pusil,Peace and Order,Barangay Referral,Low,Closed,17.7,4,No,
SR-0506,2026-04-23,Talisay,Streetlight,Web Form,Normal,Closed,3.9,5,No,Forwarded to concerned office
SR-0507,2026-06-30,Bagong Pook,Health,Hotline,Urgent,Closed,4.7,4,No,Requires site validation
SR-0508,2026-08-25,Lodlod,Streetlight,Walk-in,High,Closed,16.0,4,No,Requires site validation
SR-0509,2026-07-04,Munting Pulo,Disaster Concern,Web Form,Normal,Closed,13.0,4,Yes,Requires site validation
SR-0510,2026-06-13,Poblacion Barangay 5,Water,Walk-in,High,Closed,16.7,4,Yes,Forwarded to concerned office
SR-0511,2026-01-19,Sampaguita,Peace and Order,Mobile App,Normal,In Progress,32.5,,No,Forwarded to concerned office
SR-0512,2026-01-22,Antipolo Del Sur,Peace and Order,Web Form,High,Closed,11.7,5,No,Citizen follow-up received
SR-0513,2026-02-25,Marauoy,Water,Walk-in,Normal,Closed,10.4,4,Yes,Forwarded to concerned office
SR-0514,2026-05-20,Sico,Road/Drainage,Web Form,High,Closed,2.7,5,No,Forwarded to concerned office
SR-0515,2026-08-15,Sapac,Road/Drainage,Walk-in,Low,Closed,45.2,4,Yes,Forwarded to concerned office
SR-0516,2026-02-09,Bugtong na Pulo,Solid Waste,Mobile App,Urgent,Closed,17.3,4,No,
SR-0517,2026-05-03,Antipolo Del Sur,Permits/Inquiry,Web Form,Urgent,Pending Validation,11.3,,No,Requires site validation
SR-0518,2026-03-04,Poblacion Barangay 2,Permits/Inquiry,Mobile App,High,Closed,10.5,3,No,Citizen follow-up received
SR-0519,2026-04-27,Sapac,Disaster Concern,Mobile App,High,In Progress,7.8,,No,Requires site validation
SR-0520,2026-01-25,Duhatan,Solid Waste,Mobile App,Normal,Closed,4.0,5,No,Citizen follow-up received
SR-0521,2026-05-07,San Francisco,Solid Waste,Walk-in,Normal,Closed,15.1,3,No,Forwarded to concerned office
SR-0522,2026-05-19,Dagatan,Solid Waste,Barangay Referral,Low,Closed,30.5,4,Yes,Requires site validation
SR-0523,2026-07-27,Plaridel,Streetlight,Web Form,Normal,Closed,9.4,5,No,
SR-0524,2026-01-31,Marauoy,Peace and Order,Walk-in,Normal,Closed,20.4,4,No,Forwarded to concerned office
SR-0525,2026-01-14,Latag,Peace and Order,Barangay Referral,Normal,Closed,19.1,5,No,Requires site validation
SR-0526,2026-06-07,Munting Pulo,Disaster Concern,Hotline,Normal,Closed,32.5,5,No,Forwarded to concerned office
SR-0527,2026-02-03,Tangob,Streetlight,Web Form,High,Closed,7.1,5,Yes,Forwarded to concerned office
SR-0528,2026-07-17,Poblacion Barangay 4,Permits/Inquiry,Hotline,High,In Progress,8.6,,No,Citizen follow-up received
SR-0529,2026-07-21,Inosloban,Water,Hotline,Normal,Closed,42.6,5,No,Citizen follow-up received
SR-0530,2026-03-11,Duhatan,Streetlight,Mobile App,Normal,Closed,22.1,4,Yes,Forwarded to concerned office
SR-0531,2026-06-14,Marauoy,Water,Web Form,High,Closed,14.9,3,No,Requires site validation
SR-0532,2026-01-16,Inosloban,Health,Mobile App,Low,Closed,44.9,4,No,Requires site validation
SR-0533,2026-09-12,Tambo,Permits/Inquiry,Mobile App,Normal,Closed,12.8,5,No,Citizen follow-up received
SR-0534,2026-04-22,Santo Toribio,Water,Walk-in,Normal,In Progress,5.8,,No,Forwarded to concerned office
SR-0535,2026-07-12,Inosloban,Permits/Inquiry,Barangay Referral,Normal,Pending Validation,15.2,,No,Citizen follow-up received
SR-0536,2026-02-13,Pinagtongulan,Road/Drainage,Walk-in,Normal,Closed,13.9,4,No,Forwarded to concerned office
SR-0537,2026-02-18,Lodlod,Peace and Order,Mobile App,Normal,Closed,37.8,5,No,Citizen follow-up received
SR-0538,2026-09-11,Tibig,Solid Waste,Barangay Referral,Normal,Closed,8.3,3,Yes,Requires site validation
SR-0539,2026-03-31,Poblacion Barangay 6,Peace and Order,Barangay Referral,Normal,Closed,7.9,5,No,
SR-0540,2026-03-13,Kayumanggi,Water,Hotline,Low,Closed,37.5,5,No,
SR-0541,2026-04-15,Cumba,Permits/Inquiry,Mobile App,Normal,Closed,49.1,5,No,Citizen follow-up received
SR-0542,2026-04-10,Mataas Na Lupa,Permits/Inquiry,Web Form,High,Closed,8.0,4,No,
SR-0543,2026-01-14,Tanguay,Water,Web Form,Normal,Closed,44.0,4,No,Forwarded to concerned office
SR-0544,2026-09-02,Sabang,Permits/Inquiry,Web Form,Normal,Closed,20.4,4,No,Forwarded to concerned office
SR-0545,2026-07-31,Bolbok,Permits/Inquiry,Walk-in,High,Closed,3.5,4,No,Requires site validation
SR-0546,2026-02-11,Bolbok,Water,Barangay Referral,High,Closed,14.2,4,No,Forwarded to concerned office
SR-0547,2026-03-04,Dagatan,Water,Web Form,Normal,Closed,4.6,4,No,Citizen follow-up received
SR-0548,2026-02-27,Sabang,Disaster Concern,Walk-in,High,In Progress,11.0,,No,Forwarded to concerned office
SR-0549,2026-05-31,Inosloban,Disaster Concern,Hotline,Normal,Closed,19.5,3,No,Citizen follow-up received
SR-0550,2026-06-26,Mataas Na Lupa,Peace and Order,Walk-in,Normal,In Progress,5.9,,No,
SR-0551,2026-03-16,Pangao,Disaster Concern,Walk-in,Low,Pending Validation,19.7,,No,Requires site validation
SR-0552,2026-01-27,Sico,Health,Web Form,Normal,Closed,35.4,4,No,Forwarded to concerned office
SR-0553,2026-06-21,Plaridel,Health,Hotline,Urgent,Closed,5.3,5,Yes,Citizen follow-up received
SR-0554,2026-05-09,Kayumanggi,Road/Drainage,Web Form,High,Closed,5.9,4,Yes,Forwarded to concerned office
SR-0555,2026-02-12,Anilao-Labac,Disaster Concern,Mobile App,High,Closed,7.5,4,Yes,Requires site validation
SR-0556,2026-08-17,Inosloban,Permits/Inquiry,Walk-in,Normal,Closed,12.7,4,No,Forwarded to concerned office
SR-0557,2026-06-21,Inosloban,Disaster Concern,Web Form,Normal,In Progress,27.3,,No,Citizen follow-up received
SR-0558,2026-04-11,Tambo,Streetlight,Web Form,High,In Progress,2.1,,No,Forwarded to concerned office
SR-0559,2026-09-18,Inosloban,Peace and Order,Mobile App,Normal,Closed,8.4,3,No,Forwarded to concerned office
SR-0560,2026-08-11,Inosloban,Health,Web Form,Low,Closed,55.8,5,No,Citizen follow-up received
SR-0561,2026-03-24,Sabang,Peace and Order,Walk-in,Normal,Closed,20.1,5,No,
SR-0562,2026-05-06,Poblacion Barangay 10,Road/Drainage,Mobile App,Normal,In Progress,22.7,,Yes,Requires site validation
SR-0563,2026-09-16,Pagolingin East,Road/Drainage,Walk-in,Normal,Closed,42.3,4,Yes,Requires site validation
SR-0564,2026-05-12,Bolbok,Permits/Inquiry,Hotline,High,Closed,14.0,4,Yes,Requires site validation
SR-0565,2026-03-16,Sabang,Permits/Inquiry,Web Form,High,In Progress,16.5,,No,
SR-0566,2026-08-02,Duhatan,Permits/Inquiry,Walk-in,Normal,Closed,50.3,4,Yes,
SR-0567,2026-08-10,Rizal,Disaster Concern,Mobile App,High,Closed,2.1,5,No,Forwarded to concerned office
SR-0568,2026-03-22,Bagong Pook,Health,Walk-in,Normal,Closed,46.3,4,No,
SR-0569,2026-09-11,Santo Niño,Health,Walk-in,Normal,Closed,25.9,5,No,Citizen follow-up received
SR-0570,2026-02-05,Marauoy,Permits/Inquiry,Walk-in,High,Pending Validation,9.0,,Yes,Forwarded to concerned office
SR-0571,2026-09-18,Anilao-Labac,Peace and Order,Barangay Referral,High,Closed,15.8,4,No,Citizen follow-up received
SR-0572,2026-04-04,Malagonlong,Disaster Concern,Barangay Referral,Normal,Closed,59.0,5,No,
SR-0573,2026-08-26,Marauoy,Water,Barangay Referral,Normal,Closed,10.3,5,No,
SR-0574,2026-05-21,Tibig,Peace and Order,Web Form,High,In Progress,9.9,,No,
SR-0575,2026-02-06,San Carlos,Disaster Concern,Web Form,Normal,Closed,23.8,4,No,Forwarded to concerned office
SR-0576,2026-07-21,Anilao-Labac,Disaster Concern,Walk-in,Normal,In Progress,20.5,,No,Requires site validation
SR-0577,2026-01-08,Antipolo Del Sur,Permits/Inquiry,Walk-in,Urgent,Closed,8.6,5,No,Requires site validation
SR-0578,2026-02-15,Marauoy,Disaster Concern,Mobile App,Normal,Closed,33.8,3,No,Citizen follow-up received
SR-0579,2026-04-19,Munting Pulo,Road/Drainage,Hotline,Low,Closed,26.1,5,No,
SR-0580,2026-07-15,Balintawak,Health,Walk-in,Normal,Closed,44.1,3,No,Requires site validation
SR-0581,2026-07-16,Tangob,Permits/Inquiry,Walk-in,High,Closed,4.6,5,Yes,Requires site validation
SR-0582,2026-08-09,Bolbok,Peace and Order,Walk-in,Low,Closed,13.9,5,Yes,Requires site validation
SR-0583,2026-07-24,Balintawak,Health,Web Form,High,Closed,16.5,5,No,
SR-0584,2026-02-18,San Francisco,Peace and Order,Hotline,Normal,Pending Validation,29.1,,No,
SR-0585,2026-02-18,Pinagkawitan,Permits/Inquiry,Web Form,Low,Closed,13.4,4,Yes,
SR-0586,2026-05-20,San Lucas,Permits/Inquiry,Web Form,Normal,Closed,12.3,5,Yes,Forwarded to concerned office
SR-0587,2026-06-03,Antipolo Del Sur,Solid Waste,Barangay Referral,Low,Closed,19.6,3,No,Forwarded to concerned office
SR-0588,2026-08-14,Sampaguita,Solid Waste,Walk-in,High,Closed,9.5,5,Yes,Citizen follow-up received
SR-0589,2026-06-23,Talisay,Health,Hotline,Normal,Closed,18.9,5,No,Forwarded to concerned office
SR-0590,2026-01-23,Cumba,Permits/Inquiry,Walk-in,Low,Closed,24.7,5,No,Forwarded to concerned office
SR-0591,2026-08-20,Pangao,Water,Mobile App,High,Closed,2.4,4,No,Requires site validation
SR-0592,2026-05-25,Inosloban,Streetlight,Web Form,High,Closed,7.0,4,No,Citizen follow-up received
SR-0593,2026-07-25,Latag,Permits/Inquiry,Barangay Referral,Low,Closed,20.3,5,No,Requires site validation
SR-0594,2026-05-21,Sabang,Streetlight,Web Form,Normal,Closed,27.4,3,No,Requires site validation
SR-0595,2026-07-25,Poblacion Barangay 6,Water,Walk-in,High,Closed,3.2,3,No,Citizen follow-up received
SR-0596,2026-06-03,San Celestino,Water,Web Form,Normal,Closed,12.1,4,Yes,Forwarded to concerned office
SR-0597,2026-01-13,San Benito,Health,Hotline,Urgent,Closed,12.5,4,No,Requires site validation
SR-0598,2026-09-18,San Francisco,Disaster Concern,Mobile App,High,In Progress,13.2,,No,
SR-0599,2026-08-31,Lodlod,Peace and Order,Hotline,Normal,Closed,45.9,3,No,Forwarded to concerned office
SR-0600,2026-06-15,Pusil,Health,Web Form,High,Closed,8.4,4,No,Citizen follow-up received
